1004,Suite 9,258.00,microwave,3,f,1,Nothing,true,false,
1005,PO Box 32412,1123.00,air conditioner,2,t,53,Mountain,true,true,
1006,Apt 129,1750.00,microwave,4,f,20,Sun,true,true,
1007,19th Floor,707.00,microwave,3,t,69,Forest,true,false,
1008,Apt 1731,1067.00,fridge,1,t,7,Nothing,true,true,
1009,PO Box 82891,1140.00,air conditioner,6,t,75,Nothing,false,false,
1010,PO Box 30647,446.00,fridge,8,f,4,Forest,false,false,
1012,Room 95,665.00,fridge,1,f,17,Lake,true,true,
1013,Room 1899,881.00,air conditioner,1,f,25,Lake,true,false,
1014,Room 836,1521.00,TV,8,f,71,Sun,false,true,
1015,Apt 1054,746.00,fridge,1,f,32,Sun,true,true,
1016,Suite 67,1243.00,microwave,2,t,29,Sun,false,false,
1017,PO Box 50249,1701.00,fridge,4,f,46,Mountain,true,false,
1018,Apt 317,965.00,shower,3,t,37,Nothing,false,true,
1019,13th Floor,293.00,air conditioner,1,t,52,Forest,true,false,
1020,Room 1198,1762.00,microwave,7,f,29,Nothing,false,true,
1021,Suite 37,1887.00,air conditioner,4,t,68,Lake,false,false,
1022,Apt 498,89.00,fridge,7,f,17,Forest,false,true,
1023,8th Floor,1178.00,TV,8,t,27,Nothing,false,false,
1024,Suite 23,1259.00,fridge,4,f,76,Lake,true,true,
1025,14th Floor,1857.00,fridge,4,t,10,Sun,true,false,
1026,Room 1217,1750.00,air conditioner,4,t,5,Forest,false,false,
1027,Suite 53,428.00,microwave,2,t,71,Mountain,true,false,
1028,4th Floor,1779.00,shower,3,f,77,Mountain,false,false,
1029,Apt 477,1806.00,shower,4,f,17,Mountain,true,false,
1030,Room 1613,1106.00,air conditioner,5,f,65,Forest,false,false,
1031,Room 1566,319.00,fridge,1,f,20,Nothing,false,true,
1032,Suite 3,193.00,fridge,5,f,8,Sea,false,false,
1033,Room 537,1644.00,TV,4,t,27,Nothing,false,true,
1034,Apt 1656,1713.00,shower,7,t,76,Sun,true,true,
1035,Room 438,1496.00,air conditioner,4,f,51,Nothing,true,true,
1036,12th Floor,613.00,fridge,8,f,71,Nothing,false,true,
1037,PO Box 94623,897.00,fridge,5,f,42,Sun,false,false,
1038,20th Floor,1022.00,air conditioner,7,t,29,Mountain,false,false,
1039,Suite 98,1518.00,shower,3,f,33,Sun,true,true,
1040,Apt 1443,1240.00,shower,7,t,47,Forest,false,true,
1041,Suite 39,806.00,shower,3,t,8,Lake,false,false,
1042,Room 1686,903.00,shower,7,t,6,Sea,false,true,
1043,Suite 10,821.00,microwave,4,f,38,Sun,true,false,
1045,Apt 286,1156.00,shower,5,f,32,Forest,false,false,
1047,Suite 58,568.00,microwave,2,t,28,Nothing,false,true,
1048,Room 1095,906.00,shower,6,f,80,Mountain,true,true,
1049,Room 497,783.00,microwave,8,t,39,Sea,true,true,
1050,Room 827,1012.00,TV,8,f,71,Mountain,false,false,
1051,Apt 906,890.00,shower,2,f,14,Forest,false,true,
1052,Suite 39,372.00,microwave,2,t,23,Sun,true,false,
1053,Suite 87,904.00,microwave,7,t,7,Sun,false,true,
1054,Apt 295,858.00,fridge,6,f,7,Mountain,false,false,
1055,Suite 53,967.00,air conditioner,3,f,64,Lake,true,false,
1056,3rd Floor,184.00,TV,8,f,69,Sea,false,false,
1057,PO Box 58979,934.00,shower,6,f,68,Forest,false,false,
1058,PO Box 57094,409.00,air conditioner,8,f,7,Sun,false,false,
1059,Suite 48,1704.00,TV,2,f,31,Lake,false,false,
1060,Suite 31,740.00,fridge,5,f,1,Forest,false,false,
1061,6th Floor,1250.00,fridge,1,f,33,Mountain,false,true,
1062,Suite 63,1749.00,shower,3,t,50,Lake,false,true,
1064,Room 1807,262.00,shower,8,f,4,Nothing,false,true,
1065,PO Box 14688,21.00,air conditioner,5,f,7,Lake,true,true,
1066,1st Floor,1313.00,shower,8,f,49,Sun,false,true,
1067,Suite 77,592.00,fridge,8,f,80,Nothing,true,false,
1068,PO Box 43620,538.00,air conditioner,4,t,5,Lake,false,true,
1069,Room 1163,1557.00,air conditioner,7,t,44,Nothing,true,false,
1070,Room 1655,1795.00,air conditioner,6,t,13,Nothing,true,true,
1071,Suite 67,919.00,shower,4,t,80,Sun,true,true,
1072,Room 1344,437.00,shower,1,t,35,Nothing,false,false,
1073,Suite 9,1328.00,TV,4,f,72,Sea,false,true,
1074,Room 563,1999.00,shower,6,f,36,Lake,true,true,
1075,18th Floor,1706.00,air conditioner,7,f,9,Forest,true,false,
1076,Apt 1970,1869.00,TV,7,t,74,Forest,false,true,
1077,PO Box 85073,1555.00,microwave,1,t,52,Sea,true,true,
1078,Room 1875,841.00,microwave,3,f,70,Mountain,true,true,
1079,PO Box 99539,562.00,fridge,6,t,9,Lake,true,true,
1080,Suite 84,1086.00,fridge,4,f,44,Mountain,true,false,
1081,Apt 718,1973.00,microwave,4,t,58,Sun,false,true,
1082,PO Box 64259,1577.00,microwave,5,t,25,Sea,false,false,
1083,Suite 10,1486.00,air conditioner,5,t,61,Forest,false,true,
1084,PO Box 30042,1212.00,air conditioner,6,f,52,Sea,false,false,
1085,Room 465,881.00,microwave,7,t,72,Sun,true,false,
1086,Suite 75,1374.00,air conditioner,3,f,64,Forest,false,true,
1046,13th Floor,427.00,microwave,2,f,62,Forest,false,true,
1044,Apt 364,233.00,TV,1,f,69,Lake,true,true,
1011,20th Floor,397.00,TV,1,f,66,Sea,false,false,
1087,5th Floor,1146.00,TV,8,f,30,Forest,false,true,
1088,PO Box 31022,775.00,microwave,5,t,19,Mountain,false,true,
1089,Apt 524,175.00,microwave,6,f,48,Sea,true,false,
1090,Suite 61,373.00,fridge,3,f,64,Sun,false,false,
1091,Apt 1541,1789.00,shower,7,f,20,Nothing,false,false,
1092,PO Box 47271,1451.00,microwave,5,t,55,Forest,true,false,
1093,9th Floor,1192.00,fridge,3,t,20,Nothing,true,true,
1094,Room 373,121.00,air conditioner,8,t,15,Sun,false,false,
1096,Suite 97,1925.00,fridge,3,f,43,Sun,false,true,
1097,Suite 16,338.00,microwave,6,t,15,Mountain,false,false,
1098,Room 734,664.00,air conditioner,4,f,35,Nothing,false,true,
1099,Apt 1235,1986.00,microwave,1,f,36,Forest,true,true,
1100,PO Box 85905,1538.00,shower,4,f,74,Sun,false,false,
1101,Room 1996,1504.00,microwave,8,f,35,Nothing,false,false,
1102,Room 1374,1415.00,shower,4,t,19,Nothing,true,true,
1103,PO Box 48628,404.00,shower,2,t,49,Forest,true,false,
1104,Apt 438,1446.00,shower,4,t,50,Lake,true,false,
1105,16th Floor,1013.00,shower,2,f,6,Mountain,true,true,
1106,Room 7,1649.00,TV,1,f,47,Mountain,false,false,
1107,2nd Floor,1243.00,fridge,2,t,62,Lake,true,false,
1108,7th Floor,1793.00,microwave,5,f,64,Mountain,false,true,
1109,Room 127,673.00,microwave,7,f,75,Sea,true,true,
1110,Apt 1930,1321.00,TV,7,f,52,Nothing,false,false,
1111,Room 1331,1871.00,shower,4,t,39,Forest,true,true,
1112,Room 1135,1119.00,shower,3,t,58,Lake,true,true,
1113,Apt 1171,258.00,microwave,2,t,15,Sea,false,true,
1114,Apt 645,1071.00,shower,5,f,57,Nothing,true,false,
1115,Room 958,1581.00,air conditioner,7,t,28,Nothing,false,true,
1116,Room 1903,118.00,microwave,6,t,55,Sun,true,true,
1117,8th Floor,964.00,TV,7,f,40,Forest,true,true,
1118,Room 1643,1455.00,microwave,8,f,5,Sun,true,false,
1119,5th Floor,1614.00,fridge,6,t,19,Mountain,true,false,
1120,Suite 44,50.00,fridge,6,f,19,Sun,false,false,
1121,14th Floor,1226.00,fridge,7,t,68,Mountain,false,true,
1122,PO Box 61108,911.00,fridge,6,t,38,Nothing,false,true,
1123,Apt 1853,165.00,shower,4,t,14,Sea,false,false,
1124,Suite 4,1218.00,shower,6,t,7,Forest,false,true,
1125,Room 200,975.00,TV,3,t,47,Forest,true,false,
1126,6th Floor,867.00,fridge,1,f,33,Forest,true,false,
1127,PO Box 82058,566.00,fridge,6,t,21,Nothing,false,true,
1128,Apt 1298,1203.00,microwave,3,t,64,Sun,true,false,
1129,20th Floor,1959.00,shower,5,f,65,Mountain,false,false,
1130,15th Floor,1278.00,shower,8,t,60,Forest,true,false,
1131,Apt 700,1065.00,fridge,2,f,71,Nothing,true,false,
1132,Apt 514,1452.00,TV,3,f,25,Nothing,false,true,
1133,Room 869,1028.00,shower,2,t,69,Mountain,true,true,
1134,Suite 3,1817.00,fridge,1,f,18,Sun,true,false,
1135,17th Floor,1967.00,shower,7,f,65,Sun,true,true,
1136,Apt 430,1649.00,fridge,3,t,80,Lake,false,false,
1137,PO Box 47601,1419.00,air conditioner,6,f,4,Forest,true,false,
1138,Room 1776,1135.00,microwave,8,t,2,Lake,true,false,
1139,15th Floor,1352.00,shower,5,t,59,Mountain,false,false,
1140,Room 1398,1259.00,shower,4,t,29,Forest,false,false,
1141,Apt 162,1946.00,microwave,1,t,54,Mountain,true,true,
1142,Suite 4,511.00,air conditioner,6,t,47,Lake,false,false,
1143,Apt 1851,315.00,TV,4,f,27,Sun,true,true,
1144,Apt 1937,1311.00,air conditioner,5,t,15,Mountain,false,true,
1145,Room 171,1522.00,shower,1,f,12,Nothing,true,true,
1146,Room 1246,1639.00,TV,6,f,53,Forest,true,true,
1147,Room 922,94.00,microwave,3,t,69,Forest,true,false,
1148,PO Box 49955,1336.00,air conditioner,3,f,64,Nothing,true,false,
1149,PO Box 66234,1407.00,microwave,6,t,25,Nothing,true,true,
1150,PO Box 39680,1147.00,shower,6,f,80,Mountain,true,false,
1151,Room 912,508.00,air conditioner,7,f,23,Mountain,false,false,
1152,13th Floor,486.00,microwave,4,f,18,Forest,false,true,
1153,17th Floor,903.00,air conditioner,2,f,42,Sun,true,true,
1154,Apt 1118,1304.00,TV,2,t,39,Nothing,false,false,
1155,PO Box 38064,417.00,air conditioner,6,f,64,Forest,true,true,
1156,Apt 659,886.00,shower,4,t,49,Nothing,false,true,
1157,Apt 1075,1301.00,air conditioner,8,f,3,Sea,false,true,
1158,Apt 1360,813.00,TV,7,f,23,Nothing,true,false,
1159,13th Floor,1727.00,shower,3,f,50,Sun,true,true,
1160,Suite 79,387.00,TV,6,f,3,Sea,true,false,
1161,PO Box 55277,465.00,microwave,5,f,39,Forest,true,true,
1162,Apt 564,1311.00,microwave,3,f,64,Sea,true,false,
1163,PO Box 52005,1471.00,TV,6,t,26,Sea,true,true,
1164,19th Floor,1636.00,TV,2,f,64,Forest,false,false,
1165,Suite 51,1509.00,TV,3,t,15,Sea,false,true,
1166,PO Box 54606,562.00,air conditioner,5,t,52,Nothing,true,false,
1167,13th Floor,1688.00,TV,8,t,6,Forest,false,false,
1168,PO Box 9182,1350.00,TV,5,f,52,Sun,false,true,
1169,12th Floor,1119.00,air conditioner,7,f,41,Forest,false,false,
1170,4th Floor,268.00,microwave,4,t,8,Forest,true,true,
1172,9th Floor,1476.00,microwave,7,t,54,Forest,true,false,
1173,8th Floor,1803.00,air conditioner,3,t,70,Mountain,false,true,
1174,PO Box 89464,1952.00,microwave,1,f,71,Sun,true,true,
1175,Room 580,1132.00,air conditioner,5,f,73,Lake,true,false,
1176,PO Box 46801,1648.00,microwave,8,f,23,Lake,false,false,
1177,PO Box 98740,1495.00,TV,5,t,39,Mountain,false,false,
1178,PO Box 6056,484.00,microwave,3,t,1,Nothing,false,true,
1179,Apt 7,1666.00,TV,1,f,75,Sea,false,false,
1180,Apt 1139,1513.00,TV,3,f,72,Forest,false,false,
1181,5th Floor,661.00,TV,5,t,33,Sun,false,false,
1182,PO Box 5645,1933.00,TV,3,t,71,Nothing,true,true,
1183,Apt 658,1879.00,air conditioner,5,t,44,Mountain,true,true,
1184,Apt 956,1919.00,microwave,4,t,63,Forest,true,false,
1185,Suite 72,473.00,microwave,6,t,72,Sun,false,true,
1186,PO Box 18033,65.00,TV,6,t,74,Sun,true,false,
1187,Room 1521,791.00,air conditioner,3,f,77,Lake,true,true,
1188,12th Floor,381.00,microwave,4,t,51,Mountain,false,false,
1189,Suite 92,1938.00,shower,6,t,6,Sea,true,true,
1190,Suite 27,1962.00,air conditioner,4,f,2,Sea,true,true,
1191,Apt 1306,1590.00,fridge,1,f,6,Forest,true,true,
1192,Apt 1952,440.00,TV,8,f,52,Mountain,true,true,
1193,PO Box 88435,1956.00,shower,4,f,47,Forest,false,false,
1194,Room 301,1275.00,shower,8,f,14,Nothing,true,true,
1195,Suite 22,241.00,TV,2,f,3,Nothing,true,true,
1196,13th Floor,1714.00,TV,7,t,34,Lake,false,false,
1197,Room 11,425.00,shower,8,t,16,Sun,true,false,
1198,Room 927,1391.00,microwave,8,f,18,Nothing,true,true,
1199,PO Box 54228,869.00,air conditioner,4,f,61,Mountain,true,true,
1200,PO Box 75450,582.00,microwave,5,f,5,Sun,false,false,
1201,Suite 88,124.00,microwave,7,f,7,Sun,true,true,
1202,11th Floor,18.00,fridge,7,f,33,Sea,true,true,
1203,17th Floor,560.00,air conditioner,3,f,65,Mountain,true,true,
1204,PO Box 71831,1345.00,microwave,5,t,38,Sea,true,true,
1205,4th Floor,600.00,air conditioner,7,f,1,Lake,true,true,
1206,Apt 1503,459.00,shower,3,f,25,Mountain,true,true,
1207,Apt 799,41.00,air conditioner,4,f,51,Lake,false,true,
1208,6th Floor,1527.00,fridge,4,t,77,Forest,false,true,
1209,Room 792,1489.00,air conditioner,3,t,34,Sun,false,true,
1210,Apt 1406,1676.00,TV,7,f,8,Sea,false,false,
1211,Apt 972,1071.00,microwave,6,f,43,Nothing,true,true,
1212,Apt 1018,126.00,fridge,8,f,45,Forest,true,false,
1213,PO Box 59369,1750.00,TV,1,t,39,Sun,false,true,
1214,Room 1210,1024.00,fridge,5,t,8,Sea,false,false,
1215,Apt 1716,1292.00,air conditioner,4,f,62,Mountain,true,false,
1216,Apt 794,239.00,fridge,5,f,64,Sea,false,false,
1217,Room 1160,647.00,TV,4,t,14,Mountain,false,true,
1218,Room 1342,663.00,TV,2,t,67,Mountain,false,true,
1219,Apt 924,961.00,microwave,7,f,40,Nothing,true,false,
1220,Room 542,32.00,microwave,5,f,18,Lake,true,false,
1221,PO Box 43260,154.00,fridge,2,f,26,Mountain,false,true,
1222,PO Box 62724,1283.00,microwave,5,t,41,Lake,false,false,
1223,Apt 390,1653.00,TV,1,t,16,Sea,false,true,
1224,Apt 1519,1228.00,microwave,4,t,53,Mountain,true,true,
1225,PO Box 44649,870.00,fridge,3,t,37,Sea,false,false,
1226,PO Box 72749,1912.00,shower,8,f,26,Nothing,true,false,
1227,12th Floor,59.00,air conditioner,2,t,71,Forest,false,true,
1228,Suite 38,969.00,air conditioner,7,f,4,Mountain,true,true,
1229,Apt 647,1344.00,TV,4,f,22,Sun,false,true,
1230,PO Box 60414,580.00,fridge,4,f,2,Forest,false,false,
1231,Apt 78,823.00,fridge,7,f,73,Nothing,true,false,
1232,PO Box 56279,79.00,TV,1,t,38,Sea,false,false,
1233,PO Box 43507,169.00,shower,1,t,43,Sea,true,true,
1234,PO Box 5864,739.00,fridge,6,f,36,Mountain,false,true,
1235,Room 591,652.00,shower,4,t,63,Sun,true,true,
1236,Suite 61,722.00,shower,2,t,8,Sea,true,false,
1237,Apt 569,440.00,air conditioner,7,f,71,Mountain,true,false,
1238,PO Box 91559,719.00,microwave,1,t,24,Nothing,false,false,
1239,Suite 7,1652.00,shower,3,f,18,Sun,false,true,
1240,PO Box 87015,1759.00,microwave,8,t,38,Nothing,false,true,
1241,5th Floor,76.00,microwave,8,f,51,Sea,true,true,
1242,Apt 1186,1793.00,fridge,2,t,75,Nothing,false,true,
1243,Suite 61,1765.00,shower,7,t,5,Lake,false,false,
1244,PO Box 25285,190.00,shower,7,f,10,Lake,false,false,
1245,Room 247,1922.00,fridge,1,t,7,Sea,false,true,
1246,Suite 53,1796.00,microwave,4,t,22,Sea,true,false,
1247,5th Floor,81.00,shower,4,t,50,Nothing,false,true,
1248,Room 1756,874.00,microwave,2,f,18,Sea,false,false,
1249,PO Box 76676,1096.00,TV,2,t,21,Forest,true,true,
1250,13th Floor,1007.00,fridge,1,t,19,Nothing,true,false,
1251,Apt 902,246.00,air conditioner,8,f,5,Mountain,true,false,
1252,Apt 1048,1291.00,TV,3,f,67,Lake,true,false,
1253,PO Box 97899,1355.00,fridge,4,t,47,Lake,false,false,
1254,9th Floor,583.00,air conditioner,7,t,5,Nothing,true,true,
1255,Room 788,573.00,shower,6,t,80,Forest,false,true,
1256,PO Box 46370,393.00,TV,1,t,52,Sea,true,false,
1257,Suite 70,1118.00,air conditioner,3,f,21,Forest,false,false,
1258,Room 1022,1197.00,microwave,5,f,59,Sea,true,true,
1259,Room 1102,279.00,TV,7,t,14,Sun,true,true,
1260,PO Box 50352,1881.00,microwave,2,t,72,Forest,false,false,
1261,Apt 160,249.00,microwave,5,t,78,Sun,false,false,
1262,PO Box 80292,1207.00,air conditioner,5,f,36,Mountain,false,true,
1264,Suite 100,491.00,air conditioner,4,t,49,Sun,false,true,
1265,17th Floor,1769.00,shower,6,f,17,Lake,true,false,
1266,Room 1114,737.00,fridge,2,t,33,Sun,true,false,
1267,2nd Floor,930.00,shower,6,f,52,Sea,true,true,
1268,Room 1167,670.00,fridge,2,t,6,Lake,true,false,
1269,Suite 1,1505.00,TV,7,f,80,Mountain,true,false,
1270,Room 1629,241.00,shower,5,f,24,Sun,true,false,
1271,15th Floor,1849.00,shower,3,t,47,Sea,true,true,
1272,5th Floor,1347.00,shower,4,f,2,Sun,true,false,
1273,PO Box 30469,1323.00,shower,8,t,18,Nothing,true,true,
1274,PO Box 88067,441.00,shower,4,t,21,Sea,true,false,
1275,7th Floor,1174.00,fridge,2,f,23,Sea,false,false,
1276,Room 370,36.00,TV,5,f,64,Forest,false,false,
1277,Room 1532,1153.00,TV,7,t,47,Nothing,false,true,
1278,Suite 77,1965.00,fridge,2,f,54,Nothing,false,false,
1279,Suite 70,1820.00,TV,3,t,48,Sea,true,false,
1280,Apt 1962,541.00,shower,2,f,64,Sea,true,true,
1281,Room 1641,1883.00,fridge,8,t,45,Mountain,false,true,
1282,Room 751,1359.00,fridge,6,t,73,Nothing,true,false,
1283,Apt 154,367.00,microwave,4,f,71,Forest,false,true,
1284,PO Box 14006,1758.00,microwave,1,f,71,Sun,true,true,
1285,PO Box 92125,1261.00,air conditioner,7,f,28,Forest,true,false,
1286,Suite 66,1722.00,microwave,1,t,58,Nothing,false,false,
1287,Suite 63,1884.00,microwave,7,f,18,Sun,true,true,
1288,Suite 4,4.00,TV,3,t,76,Mountain,true,false,
1289,Apt 36,92.00,TV,1,f,25,Forest,false,true,
1290,6th Floor,530.00,shower,3,t,66,Sea,false,true,
1291,PO Box 51581,1790.00,fridge,5,t,76,Mountain,true,true,
1292,PO Box 57491,1056.00,TV,2,f,13,Sea,false,false,
1293,PO Box 21633,1420.00,TV,4,f,28,Lake,false,true,
1294,Room 558,931.00,microwave,5,t,12,Forest,true,true,
1295,Suite 80,799.00,shower,7,f,21,Forest,false,true,
1296,PO Box 1110,471.00,air conditioner,2,t,38,Mountain,false,true,
1297,PO Box 43608,1267.00,shower,8,t,18,Mountain,false,true,
1298,Apt 460,1635.00,shower,7,f,48,Nothing,true,true,
1299,4th Floor,1877.00,air conditioner,2,f,46,Lake,true,false,
1300,4th Floor,630.00,microwave,8,f,68,Sea,false,true,
1301,Apt 1946,1042.00,TV,5,t,18,Mountain,false,false,
1302,Apt 1527,1978.00,shower,7,t,60,Nothing,false,false,
1303,8th Floor,590.00,TV,6,f,49,Mountain,true,true,
1304,9th Floor,1508.00,TV,2,f,32,Nothing,false,false,
1305,Apt 949,1841.00,shower,8,t,32,Lake,true,true,
1306,Apt 1005,1539.00,shower,1,t,73,Sun,true,false,
1307,Suite 16,604.00,shower,8,t,63,Sea,false,false,
1309,PO Box 52175,671.00,shower,2,t,21,Sun,true,true,
1310,Suite 98,1400.00,TV,1,f,39,Nothing,true,true,
1311,PO Box 91845,179.00,air conditioner,5,t,20,Nothing,true,false,
1312,Apt 492,1346.00,air conditioner,7,f,68,Sea,false,false,
1313,10th Floor,1093.00,TV,5,t,63,Mountain,false,false,
1314,6th Floor,344.00,microwave,3,f,39,Forest,true,true,
1315,1st Floor,1578.00,fridge,1,f,69,Nothing,false,false,
1316,Room 609,1478.00,fridge,2,f,11,Sun,false,false,
1317,Room 1819,820.00,fridge,5,f,37,Nothing,false,false,
1318,Room 168,989.00,fridge,5,f,11,Sun,false,false,
1319,10th Floor,311.00,shower,3,t,43,Sun,false,false,
1320,Apt 1315,1166.00,fridge,7,f,34,Lake,false,true,
1321,10th Floor,731.00,air conditioner,5,t,25,Mountain,false,false,
1322,Room 85,1313.00,TV,3,t,20,Mountain,true,false,
1323,14th Floor,1905.00,TV,1,f,76,Mountain,false,false,
1324,PO Box 18994,1194.00,fridge,3,t,54,Sun,false,false,
1325,Room 900,891.00,air conditioner,6,f,22,Mountain,false,false,
1326,PO Box 659,1095.00,fridge,4,f,23,Nothing,false,true,
1327,Suite 18,1501.00,microwave,5,f,44,Mountain,false,false,
1328,PO Box 38696,1723.00,air conditioner,3,f,1,Forest,false,true,
1329,Suite 99,1587.00,fridge,2,t,30,Sea,true,false,
1330,Room 603,980.00,fridge,3,t,67,Lake,false,true,
1331,Suite 79,592.00,air conditioner,4,t,51,Mountain,true,true,
1332,Suite 26,452.00,shower,1,t,68,Sea,false,false,
1333,Suite 21,1400.00,fridge,7,t,54,Sun,true,true,
1334,Room 1760,1881.00,fridge,2,t,51,Forest,false,true,
1335,Suite 41,1250.00,microwave,3,f,3,Sea,true,false,
1336,PO Box 41437,1747.00,microwave,4,f,30,Sea,true,false,
1308,Room 1030,293.00,shower,2,f,66,Sea,true,true,
1337,Apt 689,392.00,air conditioner,1,f,31,Mountain,false,true,
1338,Apt 662,1099.00,air conditioner,5,f,39,Sun,false,false,
1339,PO Box 33092,300.00,fridge,3,f,51,Sun,false,false,
1340,Apt 1248,803.00,TV,5,f,3,Lake,false,false,
1341,Room 1585,24.00,air conditioner,2,f,43,Lake,true,true,
1342,PO Box 3594,1328.00,fridge,4,f,33,Sun,true,true,
1343,Suite 54,1295.00,fridge,7,t,48,Mountain,false,true,
1344,Apt 1904,172.00,fridge,7,t,12,Forest,true,false,
1345,Apt 607,839.00,microwave,7,t,70,Mountain,false,true,
1346,8th Floor,1266.00,air conditioner,3,t,19,Mountain,false,true,
1347,Suite 86,460.00,TV,1,f,69,Nothing,true,false,
1348,Apt 842,1504.00,shower,8,t,42,Lake,true,false,
1349,10th Floor,151.00,TV,7,f,8,Nothing,true,true,
1350,6th Floor,359.00,microwave,5,t,25,Sun,false,false,
1351,Apt 1874,429.00,fridge,8,t,18,Sea,true,false,
1352,Suite 54,497.00,fridge,6,f,14,Sea,true,false,
1353,PO Box 75835,803.00,TV,3,f,2,Sea,false,false,
1354,PO Box 4923,1162.00,TV,5,t,64,Mountain,false,true,
1355,Suite 90,1510.00,microwave,5,f,64,Lake,false,true,
1356,Suite 32,1239.00,microwave,2,t,79,Sun,true,true,
1357,Apt 910,691.00,TV,5,t,79,Sea,false,true,
1358,Apt 668,1534.00,TV,7,t,57,Forest,true,true,
1359,PO Box 78860,1055.00,shower,4,t,76,Forest,false,false,
1360,PO Box 1761,1803.00,air conditioner,6,t,75,Sun,false,true,
1361,Room 5,1342.00,TV,1,t,68,Lake,true,true,
1362,Room 1314,1871.00,microwave,1,t,68,Sun,true,true,
1363,Room 431,1032.00,TV,2,t,42,Sun,true,true,
1364,PO Box 86919,780.00,air conditioner,4,t,72,Sea,false,true,
1365,Room 1524,679.00,microwave,7,f,73,Lake,false,false,
1366,Suite 76,726.00,fridge,4,t,26,Lake,false,true,
1367,4th Floor,531.00,microwave,2,t,45,Lake,false,true,
1368,Room 26,1239.00,TV,8,f,12,Mountain,true,false,
1369,3rd Floor,753.00,microwave,8,t,62,Forest,true,false,
1370,Apt 636,448.00,air conditioner,3,f,78,Sun,false,true,
1371,Apt 1228,1925.00,microwave,2,t,37,Nothing,false,true,
1372,19th Floor,547.00,microwave,5,f,71,Mountain,true,true,
1373,Room 833,1324.00,fridge,5,t,79,Mountain,false,true,
1374,Suite 30,724.00,air conditioner,5,f,7,Sea,false,false,
1375,Suite 7,937.00,microwave,8,f,56,Forest,true,false,
1376,Room 1574,885.00,shower,6,f,22,Mountain,true,true,
1377,16th Floor,1529.00,microwave,3,t,8,Sea,false,false,
1378,PO Box 65620,734.00,shower,5,f,32,Sea,false,false,
1379,Room 517,910.00,fridge,6,t,6,Lake,false,false,
1380,20th Floor,1336.00,fridge,4,t,64,Nothing,false,false,
1381,Room 235,1236.00,air conditioner,7,f,52,Sun,false,true,
1382,PO Box 96372,1551.00,TV,6,t,64,Forest,true,false,
1383,Room 501,796.00,shower,2,f,41,Forest,false,false,
1384,Apt 254,927.00,air conditioner,5,t,67,Sun,true,true,
1385,PO Box 62544,1573.00,microwave,8,f,50,Nothing,false,false,
1386,Room 578,265.00,fridge,6,f,46,Nothing,true,true,
1387,Apt 1806,1418.00,air conditioner,3,f,21,Mountain,false,false,
1388,9th Floor,941.00,fridge,8,t,29,Forest,true,true,
1389,PO Box 62451,1834.00,TV,1,t,60,Nothing,false,false,
1390,PO Box 59579,381.00,air conditioner,1,f,62,Nothing,false,false,
1391,Apt 1722,1816.00,shower,3,f,20,Nothing,true,true,
1392,Room 1806,1155.00,air conditioner,8,t,75,Mountain,true,true,
1393,Apt 338,1765.00,fridge,1,f,80,Sea,true,false,
1394,Suite 78,750.00,air conditioner,5,f,45,Lake,true,false,
1395,Suite 44,1072.00,shower,4,f,13,Sea,false,false,
1396,Suite 35,1015.00,fridge,4,t,9,Mountain,true,true,
1397,PO Box 22746,457.00,fridge,7,f,7,Nothing,false,true,
1398,PO Box 45595,1689.00,TV,1,t,26,Mountain,true,false,
1399,PO Box 99477,1416.00,TV,7,f,37,Sea,true,false,
1400,2nd Floor,682.00,fridge,2,f,35,Sun,true,true,
1401,18th Floor,737.00,air conditioner,2,t,56,Forest,true,false,
1402,Apt 536,758.00,fridge,4,f,7,Forest,false,true,
1403,Suite 50,1456.00,shower,7,f,23,Mountain,false,true,
1404,Apt 375,1741.00,TV,1,f,34,Lake,true,true,
1405,PO Box 34984,1761.00,fridge,5,f,64,Nothing,true,false,
1406,12th Floor,1841.00,air conditioner,2,f,77,Lake,false,false,
1407,Suite 78,27.00,TV,5,f,22,Mountain,true,false,
1408,Apt 856,1294.00,microwave,1,f,66,Lake,true,true,
1409,Room 1707,214.00,shower,2,t,58,Sea,false,true,
1410,Room 1251,600.00,fridge,1,f,14,Nothing,false,false,
1411,14th Floor,991.00,shower,1,f,75,Nothing,true,false,
1412,Apt 1369,1540.00,TV,5,t,69,Sea,true,false,
1413,Room 945,1682.00,microwave,1,t,22,Lake,true,true,
1414,Room 58,1340.00,TV,7,t,69,Sun,true,true,
1415,Room 1442,126.00,fridge,4,t,67,Sun,false,false,
1416,Apt 1570,420.00,microwave,5,t,57,Nothing,true,false,
1417,Apt 181,1832.00,air conditioner,6,t,76,Forest,true,false,
1418,19th Floor,437.00,microwave,5,f,73,Nothing,true,false,
1419,Apt 804,545.00,fridge,8,t,73,Lake,true,true,
1420,Suite 58,1774.00,microwave,3,f,68,Forest,true,false,
1421,Suite 71,1358.00,air conditioner,1,f,28,Lake,true,false,
1422,Room 146,491.00,air conditioner,6,t,4,Sea,true,false,
1423,5th Floor,758.00,shower,8,t,8,Sea,false,true,
1424,Suite 57,1283.00,microwave,5,f,26,Sea,false,false,
1425,Suite 97,1778.00,microwave,5,t,64,Lake,false,true,
1426,2nd Floor,1845.00,TV,7,f,78,Mountain,true,true,
1427,PO Box 70796,574.00,fridge,5,f,40,Nothing,true,false,
1428,Suite 23,1007.00,shower,1,f,32,Nothing,false,false,
1429,16th Floor,925.00,TV,7,f,63,Mountain,true,true,
1430,10th Floor,1633.00,air conditioner,4,t,45,Mountain,true,false,
1431,Suite 94,235.00,TV,3,t,58,Lake,false,false,
1432,Apt 152,698.00,TV,5,f,76,Nothing,true,true,
1433,Room 1749,793.00,TV,6,f,54,Sea,true,true,
1434,Room 219,1395.00,air conditioner,8,f,6,Mountain,true,true,
1435,Apt 441,93.00,shower,6,t,64,Sea,true,true,
1436,Suite 21,1730.00,TV,7,f,75,Sun,false,true,
1437,Room 23,816.00,fridge,5,t,40,Sun,false,false,
1438,Suite 9,375.00,air conditioner,6,t,69,Sea,true,true,
1439,Suite 19,632.00,air conditioner,6,t,66,Sea,false,false,
1440,Room 556,1996.00,TV,7,f,50,Forest,true,false,
1441,Suite 19,1720.00,shower,3,t,9,Forest,false,true,
1442,Room 370,85.00,air conditioner,7,f,21,Sea,false,false,
1443,Suite 91,84.00,air conditioner,1,t,12,Sun,false,true,
1444,PO Box 32562,1638.00,shower,1,f,38,Sun,false,true,
1445,5th Floor,1967.00,fridge,8,t,47,Sun,false,false,
1446,Room 866,760.00,shower,1,f,8,Sea,true,true,
1447,PO Box 5206,1560.00,fridge,2,t,42,Lake,false,false,
1448,Suite 21,770.00,air conditioner,6,f,54,Lake,false,true,
1449,18th Floor,86.00,shower,8,f,45,Sun,true,false,
1450,Room 1813,1244.00,microwave,3,t,15,Forest,true,true,
1451,9th Floor,1195.00,air conditioner,7,t,79,Mountain,false,true,
1452,Suite 57,462.00,air conditioner,5,t,12,Lake,false,false,
1453,19th Floor,686.00,air conditioner,5,t,80,Mountain,true,false,
1454,Suite 20,61.00,air conditioner,3,t,10,Sun,true,false,
1455,13th Floor,1629.00,microwave,4,f,17,Lake,false,false,
1456,Room 1705,252.00,fridge,2,t,23,Mountain,true,true,
1457,Apt 396,606.00,TV,8,t,71,Sea,false,true,
1458,Room 1655,693.00,TV,4,t,66,Sun,false,true,
1459,Suite 55,885.00,shower,4,f,44,Sea,false,true,
1460,Suite 55,1316.00,microwave,7,t,42,Sea,false,false,
1461,Room 407,675.00,shower,5,t,63,Lake,true,true,
1462,Apt 1411,1287.00,TV,4,f,80,Nothing,true,false,
1463,9th Floor,1305.00,shower,1,t,79,Sun,false,false,
1464,20th Floor,1334.00,shower,6,t,12,Sun,false,false,
1465,Suite 39,1225.00,fridge,7,t,73,Mountain,true,true,
1466,Room 1715,618.00,shower,5,f,4,Forest,false,false,
1467,Room 1425,1119.00,TV,1,t,7,Nothing,false,false,
1468,Suite 70,1280.00,shower,7,t,44,Mountain,true,true,
1469,Room 584,582.00,shower,5,t,5,Mountain,false,false,
1470,Apt 1304,1306.00,fridge,8,f,49,Nothing,false,true,
1471,PO Box 94822,1298.00,microwave,5,f,56,Lake,true,false,
1472,PO Box 92980,1755.00,fridge,4,f,37,Nothing,false,false,
1473,8th Floor,1184.00,TV,5,t,70,Nothing,true,true,
1474,Suite 88,1285.00,TV,1,t,57,Forest,false,false,
1475,Apt 379,219.00,fridge,6,t,34,Sea,false,false,
1476,PO Box 94329,737.00,air conditioner,6,f,29,Mountain,true,false,
1477,Room 1834,1449.00,microwave,3,f,39,Nothing,true,true,
1478,Apt 824,772.00,microwave,6,f,49,Sea,false,true,
1479,Apt 631,1891.00,TV,1,f,70,Sun,false,false,
1480,Room 749,13.00,TV,5,f,50,Sea,true,false,
1481,Suite 47,1772.00,shower,8,t,24,Sea,true,false,
1482,Suite 27,1004.00,microwave,6,f,2,Lake,false,false,
1483,Room 993,351.00,microwave,1,f,70,Lake,false,true,
1484,13th Floor,1862.00,fridge,8,f,73,Forest,false,false,
1485,Apt 442,1230.00,shower,5,f,43,Mountain,true,true,
1486,Room 794,1346.00,microwave,1,t,23,Sun,false,false,
1487,Room 662,1580.00,TV,5,t,58,Mountain,false,true,
1488,Apt 190,1329.00,microwave,2,f,68,Mountain,false,true,
1489,Apt 1077,1826.00,shower,7,t,28,Mountain,true,false,
1490,PO Box 39340,454.00,fridge,1,f,24,Sea,false,true,
1491,Room 1320,296.00,fridge,1,t,25,Sea,false,false,
1492,Suite 30,1287.00,air conditioner,6,t,57,Sun,false,true,
1493,Room 1281,1111.00,microwave,3,f,48,Lake,false,true,
1494,Apt 1256,1732.00,air conditioner,6,t,46,Mountain,false,true,
1495,6th Floor,1995.00,microwave,8,t,74,Lake,true,true,
1496,Suite 17,1954.00,air conditioner,1,t,55,Sea,true,true,
1497,Room 1303,261.00,fridge,2,t,20,Sea,false,false,
1498,Apt 140,1502.00,fridge,5,f,24,Nothing,false,true,
1499,11th Floor,937.00,microwave,8,t,36,Sun,false,true,
1500,PO Box 39790,500.00,air conditioner,2,f,68,Sea,false,false,
1501,Room 1294,523.00,TV,5,t,1,Lake,false,false,
1502,PO Box 57465,1234.00,microwave,1,t,2,Sun,false,false,
1503,Room 1061,536.00,TV,5,t,35,Mountain,true,false,
1504,PO Box 16776,893.00,microwave,3,t,27,Sea,true,true,
1505,PO Box 37612,1699.00,TV,1,f,54,Mountain,false,true,
1506,Suite 27,1215.00,fridge,5,t,12,Forest,true,true,
1507,Room 112,221.00,shower,4,t,4,Nothing,false,false,
1508,Apt 415,781.00,microwave,1,t,14,Forest,false,false,
1509,11th Floor,652.00,shower,1,t,35,Mountain,false,true,
1510,Apt 48,1990.00,fridge,5,t,28,Nothing,true,true,
1511,Suite 12,13.00,fridge,5,t,11,Nothing,true,true,
1512,PO Box 49357,1059.00,fridge,2,t,25,Mountain,false,false,
1513,Apt 1476,1592.00,microwave,6,t,4,Sea,true,true,
1514,Suite 56,1687.00,microwave,6,t,27,Forest,false,true,
1515,Suite 58,511.00,shower,6,f,30,Sea,false,false,
1516,Room 1175,1904.00,TV,6,t,50,Sea,true,true,
1517,Suite 74,1677.00,fridge,2,f,73,Sea,true,false,
1518,Apt 743,1500.00,TV,3,f,2,Forest,true,true,
1519,Room 180,187.00,air conditioner,5,t,29,Nothing,true,true,
1520,Room 165,1739.00,air conditioner,4,f,1,Sea,false,false,
1521,2nd Floor,1200.00,fridge,3,t,52,Nothing,false,false,
1522,Apt 43,932.00,fridge,3,f,10,Nothing,false,false,
1523,Suite 21,1205.00,microwave,5,f,5,Nothing,true,false,
1524,PO Box 43094,756.00,fridge,2,f,46,Sun,false,false,
1525,19th Floor,1337.00,fridge,3,f,40,Sun,false,false,
1526,Room 909,1934.00,fridge,1,f,57,Sea,false,true,
1527,Room 1117,984.00,shower,7,t,49,Lake,false,false,
1528,Apt 8,274.00,fridge,8,t,64,Nothing,true,true,
1529,PO Box 1872,1171.00,shower,3,t,36,Lake,false,false,
1530,Room 1723,402.00,fridge,4,f,65,Sea,false,false,
1531,Apt 1417,1905.00,TV,1,f,6,Forest,false,false,
1532,Room 1600,1844.00,TV,4,f,5,Sun,true,true,
1533,17th Floor,1755.00,air conditioner,5,t,67,Lake,true,false,
1534,Apt 1399,342.00,fridge,5,f,43,Sea,false,false,
1535,Suite 2,1931.00,fridge,2,t,47,Sea,false,false,
1536,PO Box 36103,1858.00,shower,3,t,49,Sea,false,true,
1537,Apt 750,1483.00,TV,4,t,35,Forest,true,false,
1538,Apt 1386,173.00,microwave,2,f,68,Lake,false,true,
1539,Suite 5,977.00,TV,5,t,57,Mountain,true,false,
1540,3rd Floor,1456.00,shower,3,f,30,Lake,true,true,
1541,PO Box 49690,1867.00,fridge,7,t,38,Mountain,true,true,
1542,Apt 732,181.00,shower,2,t,26,Sun,true,true,
1543,15th Floor,1625.00,microwave,6,f,42,Sun,false,false,
1544,PO Box 62320,418.00,shower,2,f,11,Forest,true,false,
1545,Apt 1341,1117.00,microwave,7,t,17,Sun,false,false,
1546,Room 812,350.00,fridge,6,f,30,Sea,false,true,
1547,PO Box 58899,668.00,shower,1,t,47,Nothing,false,false,
1548,Room 1164,1156.00,shower,7,f,3,Sea,true,false,
1549,PO Box 86871,986.00,fridge,4,t,30,Sea,true,false,
1550,Apt 1418,623.00,microwave,6,t,63,Nothing,true,true,
1551,4th Floor,1747.00,microwave,1,t,48,Mountain,false,false,
1552,Room 785,1833.00,TV,7,t,30,Lake,false,true,
1553,Suite 59,1196.00,fridge,4,t,46,Sea,false,true,
1554,PO Box 97639,1834.00,shower,3,f,5,Sea,true,true,
1555,Apt 611,1362.00,shower,2,f,52,Lake,true,false,
1556,Room 225,768.00,TV,6,t,6,Forest,false,false,
1557,Apt 1970,36.00,TV,6,t,67,Lake,false,true,
1558,Suite 38,1879.00,shower,5,f,4,Forest,false,false,
1559,Suite 69,149.00,air conditioner,7,f,27,Nothing,true,false,
1560,Room 1459,1738.00,fridge,2,t,76,Sun,true,false,
1561,Suite 28,1392.00,air conditioner,4,f,76,Nothing,false,false,
1562,Suite 44,614.00,microwave,2,t,64,Mountain,true,false,
1563,Suite 57,1521.00,fridge,8,t,5,Lake,true,true,
1564,Room 1704,440.00,microwave,6,t,47,Sun,true,false,
1565,Apt 694,1763.00,fridge,4,f,78,Mountain,true,false,
1566,Suite 70,1883.00,fridge,8,t,1,Nothing,false,false,
1567,11th Floor,280.00,fridge,7,f,7,Lake,false,true,
1568,Room 684,568.00,shower,6,t,9,Sun,true,false,
1569,2nd Floor,199.00,shower,3,f,65,Lake,true,true,
1570,Room 1563,148.00,fridge,7,t,44,Forest,true,true,
1571,Apt 280,542.00,shower,6,f,43,Forest,false,false,
1572,Room 1192,314.00,fridge,2,t,5,Nothing,false,false,
1573,Room 244,100.00,TV,4,t,79,Sun,false,false,
1574,Apt 371,941.00,shower,5,t,50,Sea,false,false,
1575,PO Box 44439,1885.00,microwave,8,t,68,Sea,true,false,
1576,Room 911,85.00,air conditioner,6,f,51,Mountain,false,true,
1577,2nd Floor,198.00,microwave,3,t,25,Mountain,false,false,
1578,Room 1063,1141.00,shower,2,t,14,Lake,true,false,
1579,Apt 649,904.00,TV,6,t,30,Lake,false,true,
1580,Room 294,470.00,shower,5,t,38,Mountain,false,false,
1581,19th Floor,1049.00,shower,7,t,17,Sun,true,false,
1582,Apt 816,1061.00,air conditioner,6,t,34,Mountain,false,true,
1583,Room 580,1895.00,shower,4,f,36,Sea,false,false,
1584,Suite 23,703.00,shower,8,t,42,Mountain,false,false,
1585,20th Floor,43.00,TV,5,t,48,Nothing,true,true,
1586,Room 1756,207.00,shower,6,t,17,Lake,false,false,
1587,Suite 32,449.00,shower,6,t,20,Nothing,false,false,
1588,14th Floor,69.00,TV,6,t,63,Sun,true,true,
1589,13th Floor,1776.00,shower,2,t,30,Forest,true,false,
1590,Suite 90,103.00,fridge,6,f,14,Lake,true,true,
1591,PO Box 73427,1842.00,TV,6,t,10,Forest,false,true,
1592,PO Box 25965,420.00,air conditioner,8,t,64,Sun,false,true,
1593,2nd Floor,620.00,microwave,1,f,25,Nothing,false,false,
1594,Room 161,1571.00,shower,2,t,66,Forest,true,false,
1595,PO Box 62221,706.00,air conditioner,7,f,60,Mountain,true,true,
1596,8th Floor,970.00,microwave,1,f,54,Forest,true,false,
1597,15th Floor,1922.00,fridge,7,f,72,Sea,true,false,
1598,PO Box 10151,1698.00,TV,1,f,74,Lake,true,false,
1599,Room 711,843.00,microwave,8,f,25,Lake,false,false,
1600,Apt 1669,1459.00,shower,5,t,55,Sea,false,false,
1601,Room 1048,1214.00,air conditioner,1,f,11,Forest,false,false,
1602,Suite 95,1293.00,air conditioner,2,f,7,Mountain,false,false,
1603,Apt 83,1215.00,air conditioner,3,t,11,Lake,false,false,
1604,PO Box 37397,645.00,fridge,7,f,46,Nothing,false,false,
1605,Room 682,545.00,microwave,7,t,6,Mountain,true,false,
1606,Apt 1435,1822.00,microwave,8,f,25,Mountain,true,true,
1607,Room 186,649.00,TV,4,f,36,Sun,false,true,
1608,Apt 733,672.00,fridge,3,f,10,Lake,true,false,
1609,Room 296,1145.00,microwave,5,t,64,Sea,true,true,
1610,PO Box 92203,375.00,TV,2,t,23,Lake,false,true,
1611,PO Box 76448,253.00,air conditioner,6,f,22,Mountain,false,true,
1612,PO Box 82250,1864.00,microwave,2,f,47,Sun,false,false,
1613,PO Box 36347,192.00,microwave,3,t,41,Nothing,true,false,
1614,12th Floor,1540.00,microwave,8,f,19,Forest,false,false,
1615,Room 628,28.00,TV,8,f,68,Lake,false,false,
1616,PO Box 84301,365.00,air conditioner,7,t,32,Sea,false,true,
1617,Room 1566,404.00,microwave,8,f,78,Sea,false,true,
1618,11th Floor,1574.00,shower,1,t,74,Sun,false,true,
1619,PO Box 79916,504.00,shower,7,f,40,Sea,true,true,
1620,PO Box 54162,1808.00,air conditioner,7,f,71,Lake,true,false,
1621,PO Box 60121,1917.00,microwave,7,t,24,Mountain,true,true,
1622,Room 1062,1626.00,shower,4,t,24,Mountain,false,true,
1623,Apt 1016,1841.00,TV,2,f,26,Nothing,false,true,
1624,10th Floor,799.00,microwave,6,t,57,Sun,false,true,
1625,Room 1628,423.00,microwave,8,t,51,Nothing,true,true,
1626,Suite 71,1808.00,fridge,5,t,7,Lake,false,false,
1627,Apt 688,390.00,shower,2,f,17,Forest,false,false,
1628,PO Box 47946,1462.00,fridge,1,f,70,Lake,false,true,
1629,PO Box 51252,960.00,TV,7,t,27,Nothing,true,true,
1630,Room 1268,722.00,air conditioner,5,t,30,Sea,false,false,
1631,Room 1996,1062.00,shower,5,t,67,Forest,false,false,
1632,PO Box 42088,1411.00,shower,2,f,38,Sea,false,true,
1633,Apt 1500,1909.00,shower,1,f,79,Sea,false,true,
1634,Suite 46,1793.00,air conditioner,5,f,34,Lake,false,false,
1635,PO Box 49713,645.00,shower,3,t,67,Lake,false,true,
1636,Suite 74,1142.00,TV,2,f,43,Mountain,true,true,
1637,Apt 1026,1526.00,fridge,4,t,16,Lake,true,true,
1638,PO Box 66566,700.00,air conditioner,1,t,40,Forest,false,false,
1639,Room 225,1008.00,shower,8,f,54,Forest,true,true,
1640,Suite 59,657.00,TV,8,t,59,Sun,true,true,
1641,Room 863,1676.00,shower,4,f,79,Lake,false,true,
1642,Suite 16,304.00,fridge,3,t,5,Sea,false,false,
1643,Room 384,1614.00,microwave,3,t,18,Lake,false,true,
1644,Apt 330,1062.00,shower,2,t,55,Lake,false,false,
1645,Room 402,531.00,air conditioner,2,f,69,Mountain,true,true,
1646,15th Floor,1160.00,TV,5,f,3,Mountain,true,true,
1647,Apt 1076,1666.00,fridge,3,t,13,Sea,false,true,
1648,Suite 87,1613.00,shower,1,f,45,Mountain,false,true,
1649,PO Box 18470,1752.00,shower,2,f,63,Mountain,true,true,
1650,Room 1057,1331.00,fridge,5,f,41,Forest,false,false,
1651,Suite 59,787.00,microwave,7,t,71,Sun,false,true,
1652,Apt 421,624.00,microwave,4,t,30,Sun,false,false,
1653,Apt 35,1436.00,microwave,6,t,72,Mountain,false,false,
1654,Suite 73,11.00,fridge,1,f,35,Lake,true,false,
1655,Apt 1877,968.00,shower,1,f,68,Mountain,false,true,
1656,PO Box 4168,1905.00,shower,5,f,27,Sea,false,false,
1657,Apt 1381,434.00,microwave,6,t,58,Nothing,true,false,
1658,1st Floor,1699.00,TV,7,t,12,Mountain,true,false,
1659,Suite 66,619.00,microwave,2,f,57,Forest,false,false,
1660,Suite 14,1489.00,TV,7,f,64,Nothing,true,false,
1661,Apt 1893,129.00,TV,4,t,60,Sun,false,false,
1662,Room 1349,1352.00,microwave,4,f,45,Forest,false,false,
1663,12th Floor,1237.00,shower,6,t,24,Forest,true,true,
1664,13th Floor,1096.00,air conditioner,1,f,72,Nothing,true,true,
1665,Room 1633,1890.00,air conditioner,6,t,73,Lake,true,true,
1666,Apt 1059,1927.00,microwave,8,f,20,Sun,true,true,
1667,Suite 37,1478.00,fridge,8,f,18,Lake,false,false,
1668,17th Floor,420.00,microwave,3,t,23,Mountain,false,true,
1669,PO Box 44680,740.00,TV,2,f,64,Lake,false,true,
1670,13th Floor,255.00,TV,1,t,27,Sea,true,true,
1671,Room 1652,1810.00,microwave,2,t,54,Forest,true,true,
1672,Suite 53,349.00,fridge,4,t,20,Forest,false,true,
1673,PO Box 9991,1975.00,shower,7,f,60,Nothing,true,false,
1674,1st Floor,252.00,shower,1,f,78,Nothing,true,false,
1675,Suite 20,1292.00,TV,1,t,23,Sun,false,false,
1676,Apt 1278,1466.00,fridge,5,t,4,Nothing,true,true,
1677,Room 1834,547.00,microwave,5,f,60,Lake,true,false,
1678,12th Floor,246.00,air conditioner,5,f,14,Mountain,true,true,
1679,PO Box 62045,388.00,fridge,2,f,4,Forest,false,true,
1680,Room 446,1823.00,TV,7,t,62,Lake,false,true,
1681,Room 1326,1843.00,air conditioner,5,t,28,Mountain,true,true,
1682,Apt 1182,1808.00,air conditioner,3,f,2,Sea,true,false,
1683,6th Floor,631.00,shower,7,f,55,Mountain,false,true,
1684,Apt 488,231.00,microwave,2,t,78,Forest,true,true,
1685,10th Floor,1289.00,air conditioner,1,t,23,Sea,true,true,
1686,Apt 1027,491.00,shower,7,f,72,Sea,true,false,
1687,12th Floor,757.00,fridge,8,f,1,Forest,true,false,
1688,PO Box 79347,1677.00,TV,8,f,1,Nothing,true,true,
1689,Room 155,386.00,shower,2,f,52,Lake,true,true,
1690,Room 1850,1995.00,shower,4,t,28,Sun,true,true,
1691,Suite 29,443.00,microwave,5,t,24,Nothing,false,true,
1692,Suite 55,1064.00,microwave,8,f,44,Nothing,true,true,
1693,20th Floor,759.00,air conditioner,3,f,14,Nothing,false,false,
1694,Suite 61,1996.00,TV,8,f,19,Sea,false,false,
1695,PO Box 22685,198.00,fridge,6,f,20,Forest,true,true,
1696,17th Floor,89.00,fridge,3,f,30,Sun,true,true,
1697,Room 1708,1046.00,microwave,5,f,7,Lake,false,true,
1698,PO Box 56194,285.00,shower,8,t,11,Mountain,true,false,
1699,Suite 70,1300.00,air conditioner,1,f,11,Sea,true,false,
1700,PO Box 16143,396.00,air conditioner,4,f,79,Lake,false,true,
1701,Room 1265,1070.00,fridge,8,f,69,Lake,true,true,
1702,Suite 65,280.00,fridge,2,t,74,Sun,true,false,
1703,Suite 43,1431.00,air conditioner,7,f,2,Sea,false,false,
1704,Room 1546,629.00,air conditioner,2,t,8,Sun,false,false,
1705,Apt 826,155.00,microwave,5,t,15,Nothing,false,false,
1706,Suite 76,89.00,TV,6,f,23,Nothing,false,false,
1707,Apt 1928,1666.00,fridge,3,f,63,Nothing,false,true,
1708,19th Floor,200.00,TV,2,t,57,Forest,false,false,
1709,PO Box 66229,27.00,air conditioner,7,f,38,Lake,false,false,
1710,Room 1766,85.00,fridge,3,t,60,Mountain,true,true,
1711,Room 916,690.00,air conditioner,1,f,10,Nothing,true,true,
1712,5th Floor,689.00,air conditioner,5,t,9,Lake,true,false,
1713,12th Floor,1846.00,microwave,1,t,31,Forest,false,true,
1714,9th Floor,39.00,TV,2,f,67,Sun,false,false,
1715,PO Box 92181,468.00,fridge,5,f,6,Lake,false,false,
1716,4th Floor,1368.00,air conditioner,6,f,27,Sea,true,false,
1717,Room 1736,1533.00,air conditioner,7,t,44,Mountain,true,true,
1718,Room 240,1969.00,air conditioner,1,f,7,Mountain,true,true,
1719,PO Box 46165,848.00,fridge,6,t,60,Lake,true,true,
1720,Room 1870,1652.00,microwave,8,t,24,Nothing,true,false,
1721,Apt 1382,1976.00,fridge,1,t,69,Sun,false,false,
1722,Apt 252,624.00,shower,8,t,56,Lake,false,false,
1723,1st Floor,1393.00,fridge,4,t,41,Lake,false,true,
1724,Suite 75,674.00,air conditioner,3,t,57,Nothing,false,true,
1725,PO Box 69122,387.00,fridge,4,t,66,Lake,false,false,
1726,Apt 817,844.00,fridge,1,f,21,Nothing,true,false,
1727,Apt 577,1738.00,fridge,8,f,62,Forest,false,true,
1728,Suite 66,1028.00,air conditioner,1,f,59,Mountain,true,false,
1729,Apt 342,1467.00,TV,5,t,33,Mountain,false,false,
1730,13th Floor,1465.00,shower,6,f,39,Lake,false,false,
1731,Apt 949,1537.00,fridge,8,f,31,Sun,false,true,
1732,PO Box 73307,1903.00,microwave,1,f,52,Lake,true,false,
1733,Suite 42,655.00,fridge,1,t,63,Sea,false,true,
1734,PO Box 29414,879.00,air conditioner,8,t,13,Sun,true,false,
1735,Suite 96,1754.00,air conditioner,7,f,46,Mountain,true,false,
1736,Room 170,704.00,shower,5,f,40,Sun,false,false,
1737,PO Box 58031,941.00,fridge,3,f,75,Nothing,true,false,
1738,PO Box 9400,680.00,fridge,1,f,44,Sun,true,false,
1739,Apt 262,1918.00,microwave,2,t,63,Sun,true,true,
1740,4th Floor,481.00,microwave,2,f,66,Forest,false,false,
1741,Suite 91,149.00,fridge,7,f,25,Sun,false,true,
1742,Suite 48,811.00,fridge,2,t,4,Lake,true,false,
1743,Room 1820,1055.00,air conditioner,7,f,64,Forest,true,true,
1744,Apt 1822,1059.00,microwave,2,f,13,Sun,true,false,
1745,Room 56,1982.00,microwave,8,f,36,Sun,true,false,
1746,Apt 457,1638.00,shower,7,t,46,Lake,true,false,
1747,PO Box 77473,1880.00,fridge,8,t,38,Sea,true,false,
1748,Room 1947,619.00,air conditioner,1,t,8,Sea,true,false,
1749,Apt 1612,1620.00,microwave,2,t,5,Sea,false,true,
1750,Apt 884,568.00,fridge,6,t,52,Sea,false,true,
1751,Suite 88,261.00,shower,4,t,58,Nothing,false,true,
1752,Room 1118,1948.00,microwave,2,t,39,Lake,false,true,
1753,Room 474,326.00,air conditioner,7,f,60,Sun,false,false,
1754,Room 1881,1022.00,shower,6,t,12,Forest,true,false,
1755,Suite 84,75.00,fridge,4,f,50,Sea,true,false,
1756,Room 243,956.00,microwave,4,f,77,Sun,false,true,
1757,Suite 8,493.00,microwave,6,f,51,Sun,false,false,
1758,PO Box 77960,817.00,TV,4,t,23,Mountain,false,true,
1759,10th Floor,887.00,microwave,3,t,28,Forest,false,true,
1760,Room 887,584.00,air conditioner,8,t,35,Mountain,false,true,
1761,Suite 12,1290.00,TV,8,t,60,Nothing,false,false,
1762,Apt 91,44.00,air conditioner,7,t,78,Nothing,true,true,
1763,Room 1156,10.00,shower,4,f,40,Forest,true,true,
1764,Suite 57,530.00,TV,7,t,53,Lake,true,false,
1765,Suite 18,23.00,TV,4,t,44,Forest,true,true,
1766,Apt 1095,83.00,fridge,2,t,20,Sea,false,true,
1767,1st Floor,813.00,microwave,2,t,30,Forest,true,false,
1768,Suite 47,17.00,shower,3,t,2,Mountain,true,true,
1769,3rd Floor,1364.00,fridge,8,f,31,Sea,true,true,
1770,5th Floor,891.00,microwave,4,t,21,Mountain,false,false,
1771,Room 1135,661.00,shower,5,t,45,Nothing,false,false,
1772,PO Box 65174,245.00,microwave,2,t,53,Forest,true,false,
1773,Suite 29,401.00,shower,2,f,76,Sun,false,false,
1774,PO Box 14393,126.00,shower,5,t,12,Lake,true,true,
1775,3rd Floor,1955.00,fridge,2,t,53,Forest,true,true,
1776,Suite 17,1760.00,shower,4,f,45,Mountain,true,false,
1777,8th Floor,1650.00,air conditioner,2,f,8,Forest,false,false,
1778,Apt 41,1206.00,air conditioner,2,f,47,Lake,false,true,
1779,Suite 47,46.00,TV,7,f,26,Mountain,false,true,
1780,PO Box 43214,13.00,TV,7,t,11,Forest,true,true,
1781,Apt 261,244.00,TV,6,f,55,Nothing,false,false,
1782,Suite 22,1098.00,air conditioner,5,t,42,Sea,false,true,
1783,Room 817,1186.00,fridge,1,t,4,Forest,false,true,
1784,Apt 76,411.00,microwave,2,f,51,Forest,true,false,
1785,Apt 1981,1484.00,fridge,6,f,70,Forest,true,false,
1786,15th Floor,1965.00,fridge,4,f,10,Nothing,true,true,
1787,Apt 367,786.00,shower,3,t,43,Mountain,true,true,
1788,PO Box 27568,1353.00,TV,6,t,62,Nothing,true,true,
1789,Room 34,644.00,shower,8,f,58,Sea,false,true,
1790,Suite 30,1434.00,shower,8,t,43,Nothing,false,false,
1791,Room 161,1414.00,shower,5,f,78,Mountain,true,true,
1792,Apt 1335,1360.00,microwave,8,t,18,Lake,false,false,
1793,Suite 92,1643.00,microwave,3,t,18,Sun,true,true,
1794,Apt 1939,564.00,shower,7,f,55,Lake,true,false,
1795,Suite 57,1753.00,fridge,6,f,72,Mountain,false,false,
1796,Room 377,476.00,microwave,6,f,72,Sun,true,true,
1797,PO Box 39003,1233.00,shower,6,t,77,Mountain,true,false,
1798,Apt 985,637.00,microwave,2,t,57,Sea,true,false,
1799,Apt 70,1260.00,fridge,3,f,65,Mountain,true,true,
1800,Suite 84,332.00,air conditioner,5,t,24,Nothing,false,true,
1801,Room 1597,1536.00,fridge,4,f,9,Sun,true,false,
1802,14th Floor,1863.00,air conditioner,5,t,75,Mountain,true,false,
1803,Apt 1755,1102.00,fridge,2,f,38,Sun,true,true,
1804,Apt 1537,1208.00,shower,8,f,11,Sea,true,false,
1805,Suite 2,1013.00,fridge,7,t,18,Lake,true,false,
1806,Room 320,1249.00,air conditioner,2,f,13,Mountain,true,true,
1807,Suite 70,1188.00,fridge,6,t,38,Lake,true,true,
1808,17th Floor,635.00,microwave,8,t,53,Sun,true,false,
1809,1st Floor,1084.00,microwave,7,t,79,Mountain,true,false,
1810,PO Box 85006,1704.00,air conditioner,8,f,79,Mountain,false,true,
1811,Apt 589,747.00,shower,8,f,47,Sun,false,false,
1812,PO Box 89921,1883.00,shower,5,f,50,Forest,false,true,
1813,5th Floor,310.00,fridge,6,f,71,Lake,true,false,
1814,1st Floor,718.00,shower,8,f,15,Mountain,true,false,
1815,PO Box 42868,238.00,air conditioner,4,f,48,Sea,false,true,
1816,Room 588,18.00,microwave,8,f,3,Lake,true,false,
1817,PO Box 16117,738.00,air conditioner,7,f,39,Forest,false,true,
1818,Suite 3,1499.00,fridge,6,t,62,Sea,false,true,
1819,Suite 11,1861.00,shower,6,t,53,Forest,true,true,
1820,Room 117,1359.00,microwave,3,f,77,Sea,false,true,
1821,Apt 1042,1438.00,air conditioner,3,t,76,Mountain,false,false,
1822,Apt 1785,247.00,fridge,5,f,5,Lake,false,true,
1823,Room 1884,690.00,TV,3,f,45,Nothing,true,true,
1824,PO Box 39583,557.00,fridge,8,f,67,Sea,false,false,
1825,14th Floor,463.00,air conditioner,8,f,29,Sun,true,true,
1826,9th Floor,686.00,shower,5,f,55,Nothing,false,true,
1827,2nd Floor,1221.00,shower,2,f,9,Sea,false,false,
1828,Room 775,1035.00,TV,7,t,47,Forest,false,true,
1829,Apt 1036,1161.00,microwave,3,f,73,Sun,true,false,
1830,13th Floor,1455.00,air conditioner,5,t,28,Sea,false,false,
1831,PO Box 6658,1991.00,fridge,3,t,76,Sun,true,true,
1832,Apt 181,230.00,microwave,2,t,31,Lake,true,true,
1833,Suite 41,1939.00,TV,7,f,31,Sun,false,true,
1834,15th Floor,1435.00,microwave,6,f,19,Forest,false,false,
1835,Suite 33,671.00,TV,6,f,45,Mountain,false,true,
1836,15th Floor,1836.00,TV,2,f,46,Sun,false,false,
1837,PO Box 62977,2000.00,TV,4,f,16,Forest,false,true,
1838,Room 1435,762.00,shower,4,t,19,Mountain,true,true,
1839,PO Box 4690,1564.00,fridge,1,f,29,Sun,true,false,
1840,Suite 45,240.00,microwave,3,t,4,Sea,true,false,
1841,Apt 1145,1825.00,microwave,8,t,24,Sea,false,false,
1842,Suite 14,1917.00,fridge,3,t,6,Forest,true,false,
1843,PO Box 72669,1278.00,shower,2,t,29,Sun,false,true,
1844,Suite 4,535.00,microwave,6,f,31,Lake,true,true,
1845,Suite 24,446.00,TV,5,t,1,Lake,false,false,
1846,PO Box 87030,890.00,fridge,6,f,77,Sea,false,true,
1847,Apt 283,879.00,shower,1,f,59,Forest,true,true,
1848,Apt 667,34.00,microwave,2,t,15,Mountain,true,false,
1849,Apt 591,1270.00,TV,7,t,63,Mountain,true,false,
1850,Room 348,1012.00,fridge,8,t,53,Sun,true,false,
1851,Room 1871,1906.00,microwave,2,t,55,Forest,true,true,
1852,Apt 650,124.00,shower,1,t,16,Forest,true,true,
1853,Apt 497,1002.00,shower,4,t,67,Nothing,true,true,
1854,12th Floor,1448.00,TV,5,t,14,Nothing,true,true,
1855,19th Floor,552.00,microwave,8,f,28,Sea,true,true,
1856,Suite 59,1992.00,air conditioner,7,f,52,Sea,true,false,
1857,Room 639,621.00,fridge,8,t,49,Mountain,true,false,
1858,Suite 22,899.00,shower,6,f,34,Mountain,true,false,
1859,PO Box 35342,1475.00,fridge,1,f,15,Mountain,true,true,
1860,PO Box 47414,14.00,air conditioner,7,t,73,Forest,false,false,
1861,14th Floor,448.00,fridge,3,f,77,Mountain,false,false,
1862,Suite 61,1843.00,shower,6,f,72,Forest,false,true,
1863,Room 1671,151.00,shower,1,t,79,Lake,true,true,
1864,Suite 83,654.00,shower,5,f,78,Sun,true,true,
1865,Apt 869,599.00,air conditioner,5,t,58,Nothing,false,true,
1866,Apt 395,216.00,TV,8,t,47,Mountain,false,true,
1867,PO Box 85002,1536.00,shower,3,f,26,Nothing,false,false,
1868,18th Floor,935.00,fridge,3,f,63,Lake,false,true,
1869,1st Floor,986.00,air conditioner,7,t,28,Sea,true,true,
1870,Apt 1864,914.00,shower,1,f,41,Sea,true,false,
1871,Suite 68,1289.00,TV,2,t,45,Forest,false,false,
1872,Room 1613,1962.00,fridge,1,f,55,Sun,false,false,
1873,Suite 55,1435.00,microwave,4,f,74,Sea,true,true,
1874,PO Box 18871,526.00,TV,2,f,49,Nothing,true,false,
1875,PO Box 5322,575.00,shower,6,t,26,Mountain,true,false,
1876,18th Floor,1817.00,shower,2,t,16,Sea,true,true,
1877,Apt 1641,777.00,microwave,4,t,59,Sun,true,false,
1878,Suite 64,349.00,TV,5,t,41,Sea,false,true,
1879,Apt 780,2000.00,shower,7,t,16,Lake,true,false,
1880,4th Floor,237.00,fridge,8,f,5,Sun,true,false,
1881,Apt 95,308.00,fridge,7,f,43,Sun,true,true,
1882,PO Box 22840,1918.00,TV,1,t,11,Nothing,true,false,
1883,PO Box 22239,1956.00,air conditioner,4,t,39,Sea,false,true,
1884,19th Floor,531.00,TV,4,f,28,Mountain,true,false,
1885,Room 1343,1063.00,microwave,3,f,45,Sun,true,true,
1886,Apt 755,1918.00,microwave,1,f,30,Forest,false,false,
1887,Apt 928,1153.00,shower,4,f,3,Lake,true,true,
1888,Room 167,1568.00,fridge,4,t,73,Mountain,false,true,
1889,Room 557,1935.00,shower,5,t,20,Nothing,false,false,
1890,Suite 39,528.00,fridge,4,f,17,Sun,false,false,
1891,17th Floor,1583.00,microwave,2,t,44,Sea,false,true,
1892,Suite 27,72.00,fridge,5,t,43,Nothing,false,true,
1893,8th Floor,1408.00,air conditioner,4,t,40,Sun,true,false,
1894,2nd Floor,1114.00,fridge,1,t,9,Forest,false,true,
1895,Room 761,1152.00,TV,3,f,80,Sun,false,true,
1896,Apt 876,1419.00,air conditioner,8,f,45,Sun,false,true,
1897,Suite 53,629.00,fridge,6,f,80,Forest,true,true,
1898,Apt 1343,1000.00,fridge,4,t,37,Mountain,false,false,
1899,Suite 95,657.00,microwave,2,t,26,Lake,false,false,
1900,Apt 1242,878.00,TV,5,t,73,Nothing,true,false,
1901,Apt 1878,252.00,TV,2,f,55,Sea,true,true,
1902,13th Floor,1470.00,shower,8,f,4,Mountain,true,true,
1903,1st Floor,1145.00,microwave,7,t,16,Sea,true,false,
1904,Apt 1302,208.00,shower,5,t,18,Mountain,false,true,
1905,Room 345,1968.00,shower,2,f,44,Sea,true,true,
1906,Room 357,1679.00,air conditioner,4,t,30,Lake,true,true,
1907,3rd Floor,898.00,microwave,6,t,13,Nothing,false,true,
1908,Apt 1666,1714.00,TV,7,t,71,Mountain,true,true,
1909,Suite 72,767.00,TV,7,t,32,Forest,false,true,
1910,Suite 36,1205.00,air conditioner,5,f,63,Nothing,false,true,
1911,10th Floor,41.00,microwave,4,t,18,Sun,false,false,
1912,Apt 662,345.00,fridge,2,t,20,Sea,false,true,
1913,Apt 1474,1526.00,shower,7,f,57,Lake,true,false,
1914,18th Floor,1165.00,shower,2,t,42,Lake,true,true,
1915,Suite 54,959.00,shower,1,t,3,Lake,false,false,
1916,Room 1882,109.00,shower,1,t,41,Sun,false,false,
1917,8th Floor,1267.00,TV,7,f,40,Lake,true,true,
1918,Apt 1984,18.00,fridge,5,t,4,Forest,true,true,
1919,Room 932,1740.00,air conditioner,8,t,1,Forest,true,false,
1920,Suite 88,278.00,microwave,2,f,44,Lake,false,true,
1921,Room 1816,1842.00,air conditioner,7,f,7,Sea,true,true,
1922,14th Floor,642.00,TV,1,f,41,Lake,true,true,
1923,Room 1395,1946.00,shower,6,t,19,Mountain,false,true,
1924,Apt 1348,128.00,air conditioner,7,t,16,Sun,true,false,
1925,Room 647,1389.00,microwave,2,f,44,Mountain,false,false,
1926,Suite 60,213.00,microwave,1,f,56,Sea,true,true,
1927,PO Box 22593,569.00,air conditioner,7,f,3,Forest,true,true,
1928,Apt 1225,1623.00,fridge,7,f,5,Forest,true,true,
1929,PO Box 11403,462.00,shower,6,f,71,Lake,false,true,
1930,Suite 88,1467.00,shower,7,t,66,Forest,false,false,
1931,Room 1257,1455.00,microwave,3,f,24,Nothing,false,false,
1932,Room 1997,797.00,TV,4,t,26,Sun,true,false,
1933,Suite 1,219.00,TV,4,f,8,Nothing,true,true,
1934,Apt 536,1928.00,shower,2,t,1,Sun,true,true,
1935,1st Floor,144.00,fridge,2,t,65,Forest,true,true,
1936,20th Floor,1975.00,air conditioner,6,f,22,Forest,false,true,
1937,19th Floor,599.00,microwave,2,t,45,Lake,true,true,
1938,PO Box 96752,1178.00,TV,6,t,56,Lake,false,false,
1939,PO Box 74925,1917.00,fridge,1,t,72,Sea,true,true,
1940,PO Box 91224,670.00,TV,6,t,67,Sun,true,true,
1941,Suite 77,220.00,TV,5,f,50,Sea,true,false,
1942,Suite 14,1188.00,air conditioner,5,f,76,Forest,true,false,
1943,Apt 116,1554.00,shower,4,t,78,Sea,false,true,
1944,17th Floor,1361.00,air conditioner,8,t,67,Mountain,false,false,
1945,Suite 38,824.00,TV,4,t,80,Sun,true,false,
1946,Apt 773,804.00,air conditioner,1,f,19,Sun,false,true,
1947,9th Floor,1000.00,air conditioner,3,f,51,Forest,true,true,
1948,20th Floor,461.00,shower,2,t,57,Sea,true,true,
1949,Apt 1801,69.00,TV,7,t,40,Nothing,false,false,
1950,Apt 358,1606.00,air conditioner,7,t,11,Lake,true,true,
1951,Room 141,751.00,air conditioner,3,f,33,Nothing,true,false,
1952,Suite 99,1712.00,microwave,4,f,40,Forest,true,false,
1953,PO Box 73618,367.00,microwave,2,t,49,Sun,true,false,
1954,6th Floor,280.00,air conditioner,1,t,16,Lake,true,false,
1955,Apt 292,669.00,microwave,6,f,54,Mountain,false,true,
1956,Room 45,1448.00,microwave,4,f,15,Sea,true,false,
1957,Room 502,98.00,fridge,1,t,51,Mountain,true,true,
1958,12th Floor,1281.00,shower,3,f,21,Mountain,false,false,
1959,15th Floor,1978.00,air conditioner,8,t,34,Nothing,true,true,
1960,Apt 76,1512.00,air conditioner,3,f,42,Sea,true,false,
1961,Suite 43,1840.00,TV,2,t,69,Sun,false,true,
1962,12th Floor,466.00,TV,2,f,54,Sea,true,true,
1963,Suite 67,1686.00,microwave,4,t,74,Nothing,false,true,
1964,Suite 61,713.00,air conditioner,2,f,23,Lake,true,false,
1965,Apt 568,128.00,shower,2,t,31,Lake,true,false,
1966,PO Box 97161,1042.00,microwave,2,t,69,Forest,true,false,
1967,Suite 19,1296.00,shower,6,f,29,Lake,false,true,
1968,Room 816,1370.00,shower,4,t,63,Nothing,true,true,
1969,PO Box 78131,763.00,TV,6,t,5,Sun,true,false,
1970,Apt 605,1816.00,fridge,3,t,18,Nothing,true,true,
1971,Room 427,1107.00,fridge,4,f,3,Mountain,false,true,
1972,PO Box 93697,392.00,TV,6,f,28,Lake,true,true,
1973,17th Floor,1002.00,shower,5,f,21,Forest,true,true,
1974,Suite 15,730.00,fridge,5,f,18,Mountain,true,true,
1975,Room 982,1396.00,fridge,6,t,21,Forest,false,false,
1976,Room 1679,967.00,TV,4,f,54,Mountain,false,false,
1977,PO Box 73599,1228.00,air conditioner,3,f,34,Sea,true,false,
1978,Suite 75,812.00,shower,1,t,70,Sea,false,true,
1979,PO Box 33848,888.00,fridge,1,t,18,Lake,false,false,
1980,Room 218,1908.00,air conditioner,1,f,65,Lake,true,true,
1981,Apt 1284,1389.00,TV,3,f,55,Lake,false,false,
1982,Apt 328,1120.00,fridge,4,f,26,Sun,false,true,
1983,Apt 263,1378.00,fridge,8,t,15,Forest,true,true,
1984,Suite 64,1630.00,shower,1,f,24,Mountain,false,true,
1985,Room 1955,768.00,TV,2,t,59,Lake,true,false,
1986,Apt 845,264.00,TV,5,t,47,Forest,false,false,
1987,14th Floor,661.00,microwave,3,f,80,Mountain,true,false,
1988,Room 1629,922.00,TV,4,f,67,Nothing,false,true,
1989,PO Box 79952,1418.00,microwave,6,t,63,Lake,true,true,
1990,PO Box 68012,1426.00,air conditioner,6,t,40,Mountain,false,true,
1991,Suite 67,169.00,fridge,2,f,70,Mountain,false,true,
1992,PO Box 32384,665.00,air conditioner,1,t,16,Lake,false,true,
1993,Room 1530,1898.00,fridge,4,f,33,Mountain,false,true,
1994,6th Floor,447.00,shower,7,t,16,Sun,false,true,
1995,Suite 58,276.00,fridge,6,t,28,Nothing,true,true,
1996,PO Box 94238,869.00,air conditioner,3,f,27,Mountain,false,true,
1997,Room 75,472.00,TV,2,f,32,Forest,true,false,
1998,Apt 1211,53.00,fridge,6,f,3,Forest,true,true,
1999,Apt 72,265.00,fridge,5,t,45,Nothing,false,false,
2000,Room 1892,1054.00,microwave,7,t,50,Mountain,false,false,
2001,PO Box 9956,1817.00,microwave,1,t,51,Sea,true,true,
2002,PO Box 13582,1687.00,fridge,5,f,48,Mountain,true,false,
2003,Room 1586,1221.00,TV,4,f,20,Forest,true,true,
1063,1st Floor,212.00,microwave,3,f,64,Sun,true,true,
1095,Suite 64,206.00,microwave,1,f,33,Lake,false,true,
1171,Suite 97,331.00,air conditioner,2,f,2,Sun,false,true,
1263,Apt 379,140.00,microwave,2,f,66,Sun,true,true,
